"X","MGHBC11_1","MGHBC11_cip","MGHBC11_levo","MGHBC12_1","MGHBC12_cip","MGHBC12_levo","MGHBC13_1","MGHBC13_cip","MGHBC13_levo","MGHBC14_1","MGHBC14_cip","MGHBC14_levo","MGHBC16_1","MGHBC16_cip","MGHBC16_levo","MGHBC17ec_1","MGHBC17ec_cip","MGHBC17ec_levo","MGHBC18_1","MGHBC18_cip","MGHBC18_levo","MGHBC21_1","MGHBC21_cip","MGHBC21_levo","MGHBC27_1","MGHBC27_cip","MGHBC27_levo","MGHBC28_1","MGHBC28_cip","MGHBC28_levo","MGHBC33_1","MGHBC33_cip","MGHBC33_levo","MGHBC38_1","MGHBC38_cip","MGHBC38_levo","MGHBC41_1","MGHBC41_cip","MGHBC41_levo","MGHBC44_1","MGHBC44_cip","MGHBC44_levo","MGHBC5_1","MGHBC5_cip","MGHBC5_levo","MGHBC51_1","MGHBC51_cip","MGHBC51_levo","MGHBC52_1","MGHBC52_cip","MGHBC52_levo","MGHBC53_1","MGHBC53_cip","MGHBC53_levo","MGHBC55_1","MGHBC55_cip","MGHBC55_levo","MGHBC56_1","MGHBC56_cip","MGHBC56_levo","MGHBC57_1","MGHBC57_cip","MGHBC57_levo","MGHBC58_1","MGHBC58_cip","MGHBC58_levo","MGHBC6_1","MGHBC6_cip","MGHBC6_levo","MGHBC60_1","MGHBC60_cip","MGHBC60_levo","MGHBC63_1","MGHBC63_cip","MGHBC63_levo","MGHBC64_1","MGHBC64_cip","MGHBC64_levo","MGHBC8_1","MGHBC8_cip","MGHBC8_levo"
"POS_A",26932,26944,"11938",33134,30603,"12413",24180,17996,"12171",39109,35197,"9747",19724,21097,"12466",11638,7977,"10889.00",19788,22109,"10938",14820,7364,"14128",22492,29620,"10842",22686,15243,"11379",14455,11596,"14773",22938,34678,"12814",18823,16975,"13435",20444,20821,"13471",21971,19260,"14596",9844,10996,"12614",16191,15957,"13519",16745,14561,"15248",11197,11519,"14820",11677,12703,"11993",11749,10985,"10375",12413,13448,"13846",15025,15204,"12934",10954,11612,"11431",12059,11644,"10829.00",11508,11709,"9661.00",21826,21610,"14718"
"POS_B",3441,2922,"3554",4041,3581,"3683",2821,2033,"3516",4886,4316,"2972",2153,2306,"3610",3252,2398,"3383.00",2658,2867,"3150",1854,965,"4123",2821,3645,"3164",2909,2051,"3309",1787,1394,"4451",2955,4311,"3832",2368,2144,"3763",2583,2450,"3747",6189,5381,"4338",2886,3140,"3563",4708,4691,"4090",5117,4302,"4510",3280,3383,"4278",3692,3956,"3498",3652,3496,"3361",3684,3869,"3965",2108,2054,"3767",3213,3376,"3278",3545,3381,"3440.00",3383,3297,"3040.00",2651,2502,"4282"
"POS_C",2039,1707,"1263",2491,2144,"1319",1755,1329,"1238",2975,2610,"1144",1333,1396,"1365",1242,904,"1269.00",2193,2355,"1123",1488,762,"1573",2423,2996,"1176",2359,1684,"1170",1463,1238,"1688",2602,3496,"1419",2023,1868,"1386",2113,2112,"1381",2448,1907,"1662",1083,1166,"1329",1737,1720,"1462",1745,1600,"1663",1204,1252,"1508",1406,1435,"1233",1353,1339,"1205",1412,1442,"1423",1329,1262,"1430",1159,1271,"1210",1229,1202,"1280.00",1241,1336,"1172.00",1603,1517,"1522"
"POS_D",221,206,"261",222,237,"274",201,195,"267",241,216,"216",145,156,"275",233,173,"270.00",150,179,"238",120,60,"291",206,253,"240",178,131,"224",118,113,"290",179,269,"280",139,120,"303",158,190,"298",499,446,"343",215,246,"290",398,347,"289",341,349,"325",264,274,"294",267,296,"270",325,303,"231",288,313,"293",117,124,"274",245,288,"255",300,244,"267.00",220,262,"223.00",134,164,"324"
"POS_E",64,67,"56",74,84,"51",65,41,"54",99,69,"44",42,55,"50",58,41,"54.00",56,66,"51",45,24,"74",78,77,"63",53,31,"42",44,27,"69",59,78,"65",52,48,"64",51,82,"67",105,99,"62",56,55,"63",88,82,"68",73,81,"64",49,62,"60",58,65,"53",68,59,"53",71,83,"73",47,44,"67",64,79,"66",57,42,"76.00",55,68,"50.00",51,55,"56"
"POS_F",38,67,"21",21,37,"18",65,98,"11",23,26,"17",33,29,"21",11,7,"7.00",69,95,"15",25,16,"18",74,76,"14",27,26,"13",42,40,"23",29,36,"16",27,52,"12",37,54,"22",27,24,"18",13,20,"10",21,21,"16",29,12,"15",8,12,"12",12,14,"14",14,24,"10",15,11,"17",16,23,"16",9,23,"13",22,19,"14.00",21,25,"9.00",14,21,"25"
"NEG_A",6,8,"5",3,1,"2",1,1,"1",1,3,"3",2,3,"1",5,3,"1.00",4,7,"2",9,3,"4",15,13,"3",5,3,"1",7,2,"1",7,3,"2",2,9,"3",3,16,"3",3,4,"2",2,5,"1",8,10,"3",2,4,"1",1,4,"2",1,7,"2",4,9,"1",1,1,"3",1,1,"4",7,2,"3",4,2,"1.00",1,8,"4.00",1,1,"2"
"NEG_B",8,6,"6",3,2,"5",7,4,"7",1,2,"6",6,4,"3",5,9,"1.00",5,7,"7",9,8,"10",10,10,"7",5,5,"8",15,5,"4",6,1,"2",9,8,"2",9,1,"7",4,9,"4",4,9,"5",7,8,"3",6,10,"1",5,3,"4",3,5,"2",5,5,"5",7,9,"3",7,5,"7",3,4,"4",3,3,"4.00",6,7,"5.00",5,4,"9"
"NEG_C",2,6,"6",3,3,"2",3,1,"4",1,3,"1",1,3,"6",3,7,"4.00",9,7,"5",7,5,"4",6,10,"8",5,7,"3",5,2,"2",9,1,"5",4,8,"4",6,25,"6",10,8,"5",6,5,"2",6,12,"4",6,6,"5",2,8,"8",7,5,"3",5,3,"3",6,8,"5",2,5,"12",4,3,"4",5,5,"1.00",4,16,"2.00",5,2,"3"
"NEG_D",1,2,"4",1,1,"1",1,1,"1",2,1,"1",1,1,"2",2,3,"1.00",7,4,"5",2,2,"2",1,5,"1",3,1,"2",1,3,"3",3,1,"3",2,3,"1",3,7,"5",4,1,"4",3,2,"1",2,2,"1",6,1,"1",2,1,"2",5,3,"4",2,3,"2",5,1,"2",2,2,"3",3,3,"1",2,5,"1.00",4,7,"1.00",2,1,"1"
"NEG_E",1,6,"6",3,1,"5",3,1,"2",1,2,"1",2,4,"1",5,7,"1.00",13,5,"2",8,1,"6",14,9,"5",3,7,"1",18,6,"3",3,6,"1",3,8,"3",2,13,"3",1,2,"3",3,4,"3",3,9,"1",3,12,"2",1,4,"2",1,4,"2",4,5,"1",2,2,"2",2,3,"5",5,4,"2",1,4,"2.00",4,11,"1.00",1,1,"2"
"NEG_F",1,12,"7",4,2,"1",5,1,"6",1,3,"4",3,1,"3",2,7,"2.00",8,9,"1",7,6,"7",10,29,"2",10,5,"1",8,9,"5",8,5,"2",7,11,"2",9,38,"5",2,6,"6",3,9,"2",5,12,"4",5,9,"4",2,5,"1",2,7,"1",1,4,"1",3,3,"3",1,5,"5",7,6,"2",3,6,"5.00",5,40,"1.00",2,3,"6"
"EcCip3_C_b0176_0.97",133,357,"31",381,292,"23",132,44,"15",225,226,"19",112,168,"30",13,29,"16.00",165,179,"27",66,33,"19",233,195,"17",116,55,"17",43,32,"8",201,217,"13",85,93,"8",131,300,"31",16,12,"32",101,97,"15",82,104,"10",127,82,"6",60,49,"7",48,56,"5",62,46,"5",80,85,"9",19,34,"36",116,92,"12",93,52,"5.00",81,152,"19.00",203,50,"17"
"EcCip3_C_b0761_0.92",47,84,"17",167,125,"15",60,22,"11",74,69,"16",42,65,"16",21,19,"7.00",51,59,"8",28,15,"11",87,66,"11",31,20,"10",34,21,"7",62,54,"5",72,53,"8",56,98,"9",17,15,"17",29,31,"5",71,55,"7",62,47,"4",39,22,"1",39,21,"7",36,49,"6",30,61,"1",7,13,"11",60,57,"2",21,24,"1.00",44,51,"13.00",112,46,"9"
"EcCip3_C_b1280_0.95",125,158,"38",293,214,"11",110,48,"20",113,109,"26",75,96,"26",24,27,"6.00",71,105,"12",61,31,"21",135,132,"19",55,30,"25",36,28,"4",113,95,"8",66,64,"13",108,179,"27",25,14,"28",57,48,"7",91,88,"18",135,83,"12",75,45,"8",87,53,"9",61,79,"10",100,67,"8",11,27,"39",105,76,"6",100,47,"8.00",95,150,"25.00",206,61,"17"
"EcCip3_C_b1827_0.95",819,4374,"201",1267,1051,"48",476,139,"23",408,403,"35",448,605,"73",31,30,"19.00",643,622,"55",181,52,"36",613,445,"36",233,79,"35",222,81,"26",847,513,"32",282,182,"37",543,2404,"237",75,95,"61",127,155,"22",210,314,"64",246,103,"36",132,48,"30",173,129,"30",152,102,"19",150,175,"36",107,163,"105",215,158,"29",184,64,"19.00",287,265,"64.00",511,145,"40"
"EcCip3_C_b2065_0.92",81,346,"30",260,166,"14",113,51,"11",156,154,"8",72,103,"13",15,13,"7.00",123,132,"21",64,20,"21",151,106,"19",67,36,"14",59,39,"5",175,126,"7",100,81,"15",114,253,"26",16,7,"10",44,71,"8",81,77,"13",123,79,"8",46,41,"8",70,52,"5",70,54,"9",67,67,"9",7,27,"18",77,95,"5",99,55,"5.00",63,65,"12.00",144,55,"17"
"EcCip3_C_b2515_0.95",1298,1193,"83",2130,1661,"117",909,104,"30",1475,1438,"107",382,653,"105",58,48,"33.00",720,718,"93",409,141,"71",1155,1095,"85",441,161,"49",358,59,"9",1042,1151,"71",515,358,"55",862,893,"120",115,77,"85",313,357,"66",463,308,"57",486,381,"54",313,103,"11",325,232,"43",280,210,"27",379,379,"81",74,192,"150",449,423,"48",331,138,"35.00",650,785,"155.00",957,355,"64"
"EcCip3_C_b2516_0.97",954,2102,"73",1617,1172,"47",474,115,"25",780,808,"52",484,736,"59",30,24,"17.00",570,555,"48",218,85,"53",643,573,"31",250,85,"22",224,39,"9",723,601,"31",288,211,"46",530,832,"85",68,50,"59",112,165,"21",239,270,"38",271,160,"27",158,79,"13",175,133,"20",160,101,"16",175,154,"36",66,173,"101",249,239,"24",197,94,"19.00",357,329,"89.00",669,246,"34"
"EcCip3_C_b2829_0.97",86,75,"36",286,226,"36",145,26,"21",112,107,"25",108,156,"35",29,31,"8.00",160,159,"31",74,15,"30",225,198,"26",97,25,"23",69,22,"6",173,197,"18",79,70,"4",122,128,"20",16,10,"43",63,88,"8",99,74,"10",152,116,"15",90,65,"6",84,60,"15",71,81,"10",107,122,"25",21,34,"61",162,142,"9",99,60,"6.00",121,117,"29.00",114,49,"26"
"EcCip3_C_b2830_0.97",1334,2813,"140",2435,1888,"104",996,161,"32",969,941,"66",718,1037,"110",52,47,"51.00",1100,950,"111",508,146,"63",1406,1216,"65",601,136,"33",403,97,"20",1419,1621,"87",746,619,"92",1037,1455,"149",135,78,"85",337,364,"82",384,477,"68",648,287,"43",270,115,"27",327,251,"59",249,201,"35",357,312,"79",133,335,"243",486,495,"62",313,138,"42.00",479,473,"143.00",1215,284,"27"
"EcCip3_C_b3252_0.97",153,200,"22",255,205,"31",161,176,"14",70,66,"36",118,154,"23",18,19,"10.00",157,190,"29",76,22,"32",108,125,"19",69,45,"14",96,75,"20",150,117,"19",73,81,"16",79,130,"17",33,24,"27",45,54,"16",71,76,"13",80,59,"10",60,36,"8",71,69,"19",70,66,"8",73,65,"20",21,48,"36",92,120,"19",90,50,"14.00",98,84,"29.00",149,33,"20"
"EcCip3_Rdn_b3771_0.92",71,75,"26",116,95,"20",97,46,"18",77,55,"14",77,76,"26",21,17,"7.00",81,96,"19",44,23,"34",89,97,"21",47,32,"30",55,32,"17",113,119,"20",57,65,"21",91,103,"31",19,12,"25",48,53,"9",73,73,"30",116,122,"35",60,65,"16",68,68,"8",70,84,"10",81,81,"10",19,31,"35",83,87,"14",112,74,"15.00",102,76,"28.00",62,33,"22"
"EcCip3_Rup_b0958_0.97",270,33202,"1165",220,210,"22",347,1056,"101",201,207,"31",195,234,"33",30,25,"36.00",244,277,"23",125,845,"301",280,3024,"104",116,419,"54",110,430,"116",244,11498,"511",135,3529,"522",146,9413,"990",30,718,"330",91,84,"9",114,3970,"564",159,355,"67",76,415,"116",151,593,"131",72,1306,"216",79,75,"22",45,327,"244",98,423,"73",121,529,"132.00",169,581,"219.00",172,485,"53"
"EcCip3_Rup_b1061_0.95",547,53092,"2397",821,677,"48",827,1219,"132",1280,1289,"78",323,511,"72",33,49,"85.00",547,552,"67",351,1762,"732",670,11218,"525",585,1764,"207",183,498,"162",728,22572,"1248",346,6866,"1047",311,17686,"1394",59,2193,"1542",315,360,"92",228,7381,"983",280,718,"119",143,876,"231",229,1279,"302",102,1782,"294",170,184,"19",87,1205,"983",292,1317,"229",302,1434,"289.00",250,1045,"394.00",678,2037,"216"
"EcCip3_Rup_b1183_0.92",100,7058,"287",85,69,"15",73,56,"17",64,74,"16",43,67,"24",21,10,"16.00",125,118,"25",50,270,"102",108,1106,"50",62,130,"22",58,64,"12",124,3430,"178",47,614,"69",116,3532,"292",18,113,"71",43,40,"7",47,629,"118",81,77,"14",52,105,"16",51,163,"40",39,202,"26",57,54,"7",11,115,"94",60,166,"22",47,37,"8.00",103,383,"111.00",42,115,"24"
"EcCip3_Rup_b1848_0.92",1227,86460,"3024",967,821,"48",1141,1856,"146",825,788,"55",549,767,"89",32,46,"72.00",618,655,"66",354,1816,"771",649,8933,"434",459,485,"84",395,1186,"415",803,19034,"1102",421,8992,"1588",837,42480,"4800",31,1915,"1037",289,444,"68",194,6529,"966",417,734,"145",153,1024,"340",196,836,"292",115,1815,"481",210,182,"44",86,1108,"791",258,1098,"241",336,1318,"352.00",430,1930,"838.00",1064,2363,"200"
"EcCip3_Rup_b2616_0.95",98,1768,"66",106,92,"20",80,99,"22",123,113,"17",72,101,"20",25,16,"10.00",134,112,"16",54,141,"29",112,1879,"45",65,162,"25",86,104,"24",150,4197,"112",121,2133,"161",106,2438,"151",7,69,"52",29,52,"6",63,379,"50",75,152,"11",44,216,"21",42,197,"49",42,416,"48",57,51,"3",12,188,"104",72,272,"28",57,228,"35.00",66,366,"93.00",74,244,"29"
"EcCip3_Rup_b2699_0.97",1038,88376,"5202",1740,1339,"83",1266,9638,"1050",1626,1583,"114",609,907,"129",67,270,"525.00",1026,1061,"110",611,5849,"3401",1186,27129,"1503",1083,4811,"749",480,5009,"1868",1342,52876,"3405",603,19972,"3574",742,58313,"7846",149,3994,"2889",470,561,"120",554,22015,"3482",557,2674,"466",334,3043,"845",717,2873,"874",244,4732,"985",340,426,"82",130,1673,"1507",589,2755,"511",546,6616,"1763.00",587,3425,"1404.00",1089,5770,"718"
"EcCip3_Rup_b3645_0.92_0.95",333,7709,"428",302,269,"40",229,330,"36",146,162,"25",76,82,"28",28,34,"11.00",77,70,"32",119,150,"104",243,1994,"99",65,47,"23",117,271,"78",716,458,"31",79,88,"14",264,5913,"654",46,153,"111",54,58,"9",137,1029,"201",179,217,"33",58,58,"11",110,299,"95",112,760,"157",138,112,"26",8,16,"29",147,431,"83",163,91,"16.00",212,652,"256.00",178,301,"52"
"EcCip3_Rup_b3832_0.92",132,725,"40",404,285,"33",111,68,"24",163,139,"17",120,127,"36",29,28,"35.00",125,89,"23",64,61,"40",260,853,"51",124,91,"23",65,52,"25",259,2351,"146",78,365,"57",128,581,"73",39,82,"56",66,79,"27",97,311,"65",113,185,"41",47,100,"17",71,113,"41",75,191,"43",95,98,"18",25,129,"117",106,267,"65",76,99,"25.00",107,226,"82.00",96,121,"24"
"EcCip3_Rup_b4043_0.97",3153,57564,"1904",2924,2375,"120",1678,3390,"214",1668,1653,"88",1426,2059,"160",56,150,"228.00",2126,2079,"170",942,2380,"875",2211,13815,"427",1306,1641,"179",895,2202,"404",2655,21215,"756",965,5895,"604",2260,25953,"1710",168,836,"684",503,629,"96",508,6093,"914",603,1389,"197",292,1133,"258",566,1629,"419",330,1620,"237",459,421,"75",266,2905,"1614",594,2709,"457",430,1046,"238.00",863,3460,"1003.00",2104,3536,"246"
